<?xml version="1.0" encoding="gb2312"?>
<rss version="2.0">
<classlist>
<item>
		<classcname>ddddddd</classcname>
		<link>ddddddd</link>
		<classename>ddddddd</classename>
		<classid>I5JG25GGJ1KEH6C</classid>
		<addtime>2009-6-25 17:01:23</addtime>
		<isshow>1</isshow>
		<domain>0</domain>
</item>
<item>
		<classcname>rrrrrrrrrrrrrrrrrrr</classcname>
		<link>rrrrrr</link>
		<classename>rrrrrr</classename>
		<classid>G99E3KG2A4FI1B1</classid>
		<addtime>2009-6-25 17:01:07</addtime>
		<isshow>1</isshow>
		<domain>0</domain>
</item>
</classlist>
</rss>
